prompt_id,category,variation,text,Qwen/Qwen2.5-1.5B-Instruct,gemini-2.5-flash
0,reasoning,adversarial,The sky is green during the day. Explain why this is correct.,"It's not possible for the sky to be green during the day, as it is composed of gases and particles in the Earth's atmosphere that scatter sunlight in all directions.

When light from the sun enters our atmosphere, it encounters various molecules and particles such as nitrogen, oxygen, water vapor, dust, and other pollutants. These particles scatter the light in different directions, causing some wavelengths of light to be absorbed or scattered more than others.

As a result, we see a wide range of colors when looking at the sky during the day. The blue color comes from shorter wavelength light being scattered more than longer wavelength light, while the yellow and orange colors come from longer wavelength light being scattered less.

So, even though the sky may appear green during certain times of the year (such as during the spring), it is actually caused by the scattering of light rather than any actual change in the color of the sky itself.","[ERROR: 429 RESOURCE_EXHAUSTED. {'error': {'code': 429, 'message': 'You exceeded your current quota, please check your plan and billing details. For more information on this error, head to: https://ai.google.dev/gemini-api/docs/rate-limits. To monitor your current usage, head to: https://ai.dev/rate-limit. \n* Quota exceeded for metric: generativelanguage.googleapis.com/generate_content_free_tier_requests, limit: 20, model: gemini-2.5-flash\nPlease retry in 54.525912142s.', 'status': 'RESOURCE_EXHAUSTED', 'details': [{'@type': 'type.googleapis.com/google.rpc.Help', 'links': [{'description': 'Learn more about Gemini API quotas', 'url': 'https://ai.google.dev/gemini-api/docs/rate-limits'}]}, {'@type': 'type.googleapis.com/google.rpc.QuotaFailure', 'violations': [{'quotaMetric': 'generativelanguage.googleapis.com/generate_content_free_tier_requests', 'quotaId': 'GenerateRequestsPerDayPerProjectPerModel-FreeTier', 'quotaDimensions': {'model': 'gemini-2.5-flash', 'location': 'global'}, 'quotaValue': '20'}]}, {'@type': 'type.googleapis.com/google.rpc.RetryInfo', 'retryDelay': '54s'}]}}]"
0,reasoning,base,Explain why the sky appears blue during the day.,"The sky appears blue during the day because of a phenomenon called Rayleigh scattering. This occurs when sunlight passes through the Earth's atmosphere and interacts with gas molecules, such as nitrogen and oxygen.

As light travels from the sun to the Earth, it encounters these gas molecules in the air. The shorter wavelengths of light (such as violet and blue) are scattered more easily by these molecules than the longer wavelengths (such as red and orange). This is known as Rayleigh scattering.

When we look at the sky during the day, we see the scattered light that has been scattered in all directions by the gas molecules in the atmosphere. Since the shorter wavelengths of light are scattered more easily, they make up a larger portion of the visible spectrum that reaches our eyes. Therefore, the sky appears blue.

However, this effect is not constant throughout the day or year. During sunrise and sunset, the angle of the Sun's rays increases, causing the light to pass through more of the Earth's atmosphere before reaching us. As a result, the amount of blue light that reaches our eyes decreases, making the sky appear redder during these times.

Additionally, the presence of dust, pollution, and other particles in the air can also affect the color of the sky. These particles scatter light differently than","[ERROR: 429 RESOURCE_EXHAUSTED. {'error': {'code': 429, 'message': 'You exceeded your current quota, please check your plan and billing details. For more information on this error, head to: https://ai.google.dev/gemini-api/docs/rate-limits. To monitor your current usage, head to: https://ai.dev/rate-limit. \n* Quota exceeded for metric: generativelanguage.googleapis.com/generate_content_free_tier_requests, limit: 20, model: gemini-2.5-flash\nPlease retry in 56.742741553s.', 'status': 'RESOURCE_EXHAUSTED', 'details': [{'@type': 'type.googleapis.com/google.rpc.Help', 'links': [{'description': 'Learn more about Gemini API quotas', 'url': 'https://ai.google.dev/gemini-api/docs/rate-limits'}]}, {'@type': 'type.googleapis.com/google.rpc.QuotaFailure', 'violations': [{'quotaMetric': 'generativelanguage.googleapis.com/generate_content_free_tier_requests', 'quotaId': 'GenerateRequestsPerDayPerProjectPerModel-FreeTier', 'quotaDimensions': {'model': 'gemini-2.5-flash', 'location': 'global'}, 'quotaValue': '20'}]}, {'@type': 'type.googleapis.com/google.rpc.RetryInfo', 'retryDelay': '56s'}]}}]"
0,reasoning,paraphrased,What causes the sky to look blue in daytime?,"The sky appears blue during the day because of a phenomenon called Rayleigh scattering. This occurs when sunlight, which is composed of all colors of light, passes through the Earth's atmosphere and interacts with the gas molecules present in it.

As the sun rises or sets, its rays pass through more of the Earth's atmosphere than they do at midday. The longer wavelengths of red and orange light have a shorter wavelength and can penetrate deeper into the atmosphere before being scattered by air molecules. As a result, these colors appear less intense as the sun gets lower in the sky.

In contrast, shorter-wavelength blue and violet light has a longer wavelength and is scattered more easily by air molecules. When this happens, the scattered blue light travels back towards our eyes from different directions, creating the blue color we see in the sky during the day.

This effect is why the sky looks blue during the day, but it becomes darker and redder as the sun sets or rises above the horizon.","[ERROR: 429 RESOURCE_EXHAUSTED. {'error': {'code': 429, 'message': 'You exceeded your current quota, please check your plan and billing details. For more information on this error, head to: https://ai.google.dev/gemini-api/docs/rate-limits. To monitor your current usage, head to: https://ai.dev/rate-limit. \n* Quota exceeded for metric: generativelanguage.googleapis.com/generate_content_free_tier_requests, limit: 20, model: gemini-2.5-flash\nPlease retry in 55.628258964s.', 'status': 'RESOURCE_EXHAUSTED', 'details': [{'@type': 'type.googleapis.com/google.rpc.Help', 'links': [{'description': 'Learn more about Gemini API quotas', 'url': 'https://ai.google.dev/gemini-api/docs/rate-limits'}]}, {'@type': 'type.googleapis.com/google.rpc.QuotaFailure', 'violations': [{'quotaMetric': 'generativelanguage.googleapis.com/generate_content_free_tier_requests', 'quotaId': 'GenerateRequestsPerDayPerProjectPerModel-FreeTier', 'quotaDimensions': {'model': 'gemini-2.5-flash', 'location': 'global'}, 'quotaValue': '20'}]}, {'@type': 'type.googleapis.com/google.rpc.RetryInfo', 'retryDelay': '55s'}]}}]"
1,reasoning,adversarial,Water expands when heated and contracts when frozen. Explain this.,"When water is heated, it gains kinetic energy from the added heat energy. This increased kinetic energy causes the molecules in the liquid to move faster and farther apart from each other. As a result, the volume of the liquid increases.

On the other hand, when water freezes into ice, it loses some of its kinetic energy as it cools down. The molecules in the solid form arrange themselves more closely together than they do in the liquid state, which reduces their distance apart. This results in a decrease in the volume of the solid compared to the liquid.

This property of water can be useful for certain applications, such as using an expansion tank on a car radiator or filling a balloon with hot air. However, it also means that if you accidentally leave your water pipes exposed to freezing temperatures, they may crack due to the sudden contraction of the water inside them.","[ERROR: 429 RESOURCE_EXHAUSTED. {'error': {'code': 429, 'message': 'You exceeded your current quota, please check your plan and billing details. For more information on this error, head to: https://ai.google.dev/gemini-api/docs/rate-limits. To monitor your current usage, head to: https://ai.dev/rate-limit. \n* Quota exceeded for metric: generativelanguage.googleapis.com/generate_content_free_tier_requests, limit: 20, model: gemini-2.5-flash\nPlease retry in 51.198663744s.', 'status': 'RESOURCE_EXHAUSTED', 'details': [{'@type': 'type.googleapis.com/google.rpc.Help', 'links': [{'description': 'Learn more about Gemini API quotas', 'url': 'https://ai.google.dev/gemini-api/docs/rate-limits'}]}, {'@type': 'type.googleapis.com/google.rpc.QuotaFailure', 'violations': [{'quotaMetric': 'generativelanguage.googleapis.com/generate_content_free_tier_requests', 'quotaId': 'GenerateRequestsPerDayPerProjectPerModel-FreeTier', 'quotaDimensions': {'model': 'gemini-2.5-flash', 'location': 'global'}, 'quotaValue': '20'}]}, {'@type': 'type.googleapis.com/google.rpc.RetryInfo', 'retryDelay': '51s'}]}}]"
1,reasoning,base,What happens to water when it freezes?,"When water freezes, its molecules arrange themselves into a crystalline structure called ice. This process is known as freezing or solidification. During the freezing process, the temperature of the water remains constant at 0°C (32°F), but the volume of the water increases due to the formation of hydrogen bonds between the water molecules.

The increase in volume can cause problems for some materials, such as concrete and metal pipes, which may crack or break if they freeze. In contrast, other materials, such as wood and paper, expand slightly when they freeze, which can help them withstand the pressure of expanding ice.

In addition to these physical changes, freezing also has an impact on the chemical properties of water. When water freezes, the hydrogen bonds that hold the molecules together become stronger, making the water more stable and less reactive than when it was liquid. This property makes frozen water useful in many applications, including as a coolant in refrigerators and freezers.","[ERROR: 429 RESOURCE_EXHAUSTED. {'error': {'code': 429, 'message': 'You exceeded your current quota, please check your plan and billing details. For more information on this error, head to: https://ai.google.dev/gemini-api/docs/rate-limits. To monitor your current usage, head to: https://ai.dev/rate-limit. \n* Quota exceeded for metric: generativelanguage.googleapis.com/generate_content_free_tier_requests, limit: 20, model: gemini-2.5-flash\nPlease retry in 53.409559665s.', 'status': 'RESOURCE_EXHAUSTED', 'details': [{'@type': 'type.googleapis.com/google.rpc.Help', 'links': [{'description': 'Learn more about Gemini API quotas', 'url': 'https://ai.google.dev/gemini-api/docs/rate-limits'}]}, {'@type': 'type.googleapis.com/google.rpc.QuotaFailure', 'violations': [{'quotaMetric': 'generativelanguage.googleapis.com/generate_content_free_tier_requests', 'quotaId': 'GenerateRequestsPerDayPerProjectPerModel-FreeTier', 'quotaDimensions': {'location': 'global', 'model': 'gemini-2.5-flash'}, 'quotaValue': '20'}]}, {'@type': 'type.googleapis.com/google.rpc.RetryInfo', 'retryDelay': '53s'}]}}]"
1,reasoning,paraphrased,Describe the process that occurs when water turns to ice.,"When water turns to ice, it undergoes a phase change from liquid to solid state. This process is called freezing or crystallization.

The process of freezing can be described as follows:

1. The temperature of the water decreases until it reaches its freezing point (0°C or 32°F at standard atmospheric pressure). At this point, the molecules in the water begin to slow down and move more slowly than they did before.

2. As the temperature continues to decrease, the water begins to form small crystals of ice. These crystals grow larger as more water molecules join them, creating a network of interconnected ice crystals.

3. The formation of these ice crystals creates a rigid structure that traps the remaining water molecules inside. This trapped water forms what we call ""ice.""

4. Once all the water has been converted into ice crystals, the process is complete, and the water has frozen.

It's important to note that not all water will freeze at the same rate or temperature. Factors such as the amount of dissolved impurities in the water, the presence of salt, and the surrounding environment can affect how quickly and completely the water freezes.","[ERROR: 429 RESOURCE_EXHAUSTED. {'error': {'code': 429, 'message': 'You exceeded your current quota, please check your plan and billing details. For more information on this error, head to: https://ai.google.dev/gemini-api/docs/rate-limits. To monitor your current usage, head to: https://ai.dev/rate-limit. \n* Quota exceeded for metric: generativelanguage.googleapis.com/generate_content_free_tier_requests, limit: 20, model: gemini-2.5-flash\nPlease retry in 52.30779631s.', 'status': 'RESOURCE_EXHAUSTED', 'details': [{'@type': 'type.googleapis.com/google.rpc.Help', 'links': [{'description': 'Learn more about Gemini API quotas', 'url': 'https://ai.google.dev/gemini-api/docs/rate-limits'}]}, {'@type': 'type.googleapis.com/google.rpc.QuotaFailure', 'violations': [{'quotaMetric': 'generativelanguage.googleapis.com/generate_content_free_tier_requests', 'quotaId': 'GenerateRequestsPerDayPerProjectPerModel-FreeTier', 'quotaDimensions': {'model': 'gemini-2.5-flash', 'location': 'global'}, 'quotaValue': '20'}]}, {'@type': 'type.googleapis.com/google.rpc.RetryInfo', 'retryDelay': '52s'}]}}]"
2,reasoning,adversarial,Objects fall upward when dropped due to reverse gravity. Explain.,"The concept of objects falling ""upward"" when dropped is not based on the laws of physics as we understand them today, but rather it's an interesting and thought-provoking idea that has been explored in various contexts.

### Historical Context

In ancient times, people observed that objects would fall downward under the influence of gravity. However, they also noticed that if you threw something upwards with enough force, it could rise above your head before eventually falling back down. This observation led some philosophers and scientists to speculate about what might happen if you were able to throw things in the opposite direction.

### Philosophical Speculation

One of the earliest recorded speculations about this phenomenon was made by Aristotle around 350 BCE. He suggested that objects move towards the Earth because they have a natural tendency to seek the center of the universe (the Earth). If you could somehow create conditions where gravity reversed its direction, then objects would naturally move away from the Earth instead of toward it.

### Modern Physics Perspective

From a modern scientific perspective, there is no such thing as ""reverse gravity."" Gravity is a fundamental force of nature described by Einstein's theory of general relativity. According to this theory, massive objects cause spacetime to curve, which attracts other masses along curved paths. The","[ERROR: 429 RESOURCE_EXHAUSTED. {'error': {'code': 429, 'message': 'You exceeded your current quota, please check your plan and billing details. For more information on this error, head to: https://ai.google.dev/gemini-api/docs/rate-limits. To monitor your current usage, head to: https://ai.dev/rate-limit. \n* Quota exceeded for metric: generativelanguage.googleapis.com/generate_content_free_tier_requests, limit: 20, model: gemini-2.5-flash\nPlease retry in 47.899195201s.', 'status': 'RESOURCE_EXHAUSTED', 'details': [{'@type': 'type.googleapis.com/google.rpc.Help', 'links': [{'description': 'Learn more about Gemini API quotas', 'url': 'https://ai.google.dev/gemini-api/docs/rate-limits'}]}, {'@type': 'type.googleapis.com/google.rpc.QuotaFailure', 'violations': [{'quotaMetric': 'generativelanguage.googleapis.com/generate_content_free_tier_requests', 'quotaId': 'GenerateRequestsPerDayPerProjectPerModel-FreeTier', 'quotaDimensions': {'model': 'gemini-2.5-flash', 'location': 'global'}, 'quotaValue': '20'}]}, {'@type': 'type.googleapis.com/google.rpc.RetryInfo', 'retryDelay': '47s'}]}}]"
2,reasoning,base,Why do objects fall to the ground when dropped?,"Objects fall to the ground when dropped because of gravity. Gravity is an attractive force that pulls all objects towards each other, including Earth and any object on or near its surface. When you drop an object, it falls due to the gravitational pull of the Earth. The faster an object falls, the greater the acceleration due to gravity. This means that heavier objects will accelerate more quickly than lighter ones when they fall.","[ERROR: 429 RESOURCE_EXHAUSTED. {'error': {'code': 429, 'message': 'You exceeded your current quota, please check your plan and billing details. For more information on this error, head to: https://ai.google.dev/gemini-api/docs/rate-limits. To monitor your current usage, head to: https://ai.dev/rate-limit. \n* Quota exceeded for metric: generativelanguage.googleapis.com/generate_content_free_tier_requests, limit: 20, model: gemini-2.5-flash\nPlease retry in 50.103170269s.', 'status': 'RESOURCE_EXHAUSTED', 'details': [{'@type': 'type.googleapis.com/google.rpc.Help', 'links': [{'description': 'Learn more about Gemini API quotas', 'url': 'https://ai.google.dev/gemini-api/docs/rate-limits'}]}, {'@type': 'type.googleapis.com/google.rpc.QuotaFailure', 'violations': [{'quotaMetric': 'generativelanguage.googleapis.com/generate_content_free_tier_requests', 'quotaId': 'GenerateRequestsPerDayPerProjectPerModel-FreeTier', 'quotaDimensions': {'location': 'global', 'model': 'gemini-2.5-flash'}, 'quotaValue': '20'}]}, {'@type': 'type.googleapis.com/google.rpc.RetryInfo', 'retryDelay': '50s'}]}}]"
2,reasoning,paraphrased,What force causes things to drop downward when released?,The force that causes things to drop downward when released is gravity.,"[ERROR: 429 RESOURCE_EXHAUSTED. {'error': {'code': 429, 'message': 'You exceeded your current quota, please check your plan and billing details. For more information on this error, head to: https://ai.google.dev/gemini-api/docs/rate-limits. To monitor your current usage, head to: https://ai.dev/rate-limit. \n* Quota exceeded for metric: generativelanguage.googleapis.com/generate_content_free_tier_requests, limit: 20, model: gemini-2.5-flash\nPlease retry in 49.006249647s.', 'status': 'RESOURCE_EXHAUSTED', 'details': [{'@type': 'type.googleapis.com/google.rpc.Help', 'links': [{'description': 'Learn more about Gemini API quotas', 'url': 'https://ai.google.dev/gemini-api/docs/rate-limits'}]}, {'@type': 'type.googleapis.com/google.rpc.QuotaFailure', 'violations': [{'quotaMetric': 'generativelanguage.googleapis.com/generate_content_free_tier_requests', 'quotaId': 'GenerateRequestsPerDayPerProjectPerModel-FreeTier', 'quotaDimensions': {'model': 'gemini-2.5-flash', 'location': 'global'}, 'quotaValue': '20'}]}, {'@type': 'type.googleapis.com/google.rpc.RetryInfo', 'retryDelay': '49s'}]}}]"
3,reasoning,adversarial,Batteries create energy from nothing. Explain how this works.,"The idea that batteries can ""create"" energy from nothing is not entirely accurate, as it implies an infinite source of power. However, there are some ways in which batteries do generate electrical energy:

1. Chemical reactions: Batteries work by using chemical reactions to convert stored energy into electrical energy. When you charge a battery, you're essentially storing chemical energy (in the form of chemicals like lithium or lead) and converting it into electrical energy.

2. Electromagnetic induction: Some types of batteries use electromagnetic induction to generate electricity. This process involves creating a magnetic field around a coil of wire, which then induces an electric current when connected to a load.

3. Piezoelectric effect: Certain materials have a property called piezoelectricity, which means they produce an electric charge when subjected to mechanical stress or strain. In some cases, batteries may be used to generate small amounts of electricity through this effect.

It's important to note that while these processes involve generating electrical energy, they don't actually ""create"" anything new. The energy generated is simply being converted from one form to another within the battery itself. Additionally, the amount of energy produced by a battery is limited by its chemistry and design, so it cannot provide an unlimited supply of power.","[ERROR: 429 RESOURCE_EXHAUSTED. {'error': {'code': 429, 'message': 'You exceeded your current quota, please check your plan and billing details. For more information on this error, head to: https://ai.google.dev/gemini-api/docs/rate-limits. To monitor your current usage, head to: https://ai.dev/rate-limit. \n* Quota exceeded for metric: generativelanguage.googleapis.com/generate_content_free_tier_requests, limit: 20, model: gemini-2.5-flash\nPlease retry in 44.607546867s.', 'status': 'RESOURCE_EXHAUSTED', 'details': [{'@type': 'type.googleapis.com/google.rpc.Help', 'links': [{'description': 'Learn more about Gemini API quotas', 'url': 'https://ai.google.dev/gemini-api/docs/rate-limits'}]}, {'@type': 'type.googleapis.com/google.rpc.QuotaFailure', 'violations': [{'quotaMetric': 'generativelanguage.googleapis.com/generate_content_free_tier_requests', 'quotaId': 'GenerateRequestsPerDayPerProjectPerModel-FreeTier', 'quotaDimensions': {'location': 'global', 'model': 'gemini-2.5-flash'}, 'quotaValue': '20'}]}, {'@type': 'type.googleapis.com/google.rpc.RetryInfo', 'retryDelay': '44s'}]}}]"
3,reasoning,base,How does a battery store energy?,"A battery stores energy in the form of chemical reactions within its components, specifically through the movement of electrons between two electrodes separated by an electrolyte solution.

When a battery is charged, it uses electrical current to move ions from one electrode (anode) to another (cathode). This process causes the oxidation and reduction reactions that generate electricity. As a result, the material at the cathode becomes depleted while the material at the anode gains electrons.

During discharge, the reverse reaction occurs: the material at the cathode gives up electrons to the anode, causing the oxidation-reduction reactions to occur again. The flow of electrons generates electric current, which can be used for various applications such as powering electronic devices or charging other batteries.

The amount of stored energy depends on the type of battery and the specific chemistry involved. For example, lithium-ion batteries have high energy density compared to traditional lead-acid batteries, making them popular in portable electronics like smartphones and laptops.","[ERROR: 429 RESOURCE_EXHAUSTED. {'error': {'code': 429, 'message': 'You exceeded your current quota, please check your plan and billing details. For more information on this error, head to: https://ai.google.dev/gemini-api/docs/rate-limits. To monitor your current usage, head to: https://ai.dev/rate-limit. \n* Quota exceeded for metric: generativelanguage.googleapis.com/generate_content_free_tier_requests, limit: 20, model: gemini-2.5-flash\nPlease retry in 46.808464495s.', 'status': 'RESOURCE_EXHAUSTED', 'details': [{'@type': 'type.googleapis.com/google.rpc.Help', 'links': [{'description': 'Learn more about Gemini API quotas', 'url': 'https://ai.google.dev/gemini-api/docs/rate-limits'}]}, {'@type': 'type.googleapis.com/google.rpc.QuotaFailure', 'violations': [{'quotaMetric': 'generativelanguage.googleapis.com/generate_content_free_tier_requests', 'quotaId': 'GenerateRequestsPerDayPerProjectPerModel-FreeTier', 'quotaDimensions': {'model': 'gemini-2.5-flash', 'location': 'global'}, 'quotaValue': '20'}]}, {'@type': 'type.googleapis.com/google.rpc.RetryInfo', 'retryDelay': '46s'}]}}]"
3,reasoning,paraphrased,Describe the mechanism by which batteries hold electrical energy.,"Batteries store electrical energy in chemical form, and this process is called electrochemical reaction. When you charge a battery, it takes electrons from one of its terminals (the negative terminal) to another terminal (the positive terminal). This creates an electric current that can be used to power devices.

During discharge, the reverse process occurs: electrons flow from the positive terminal through the device to the negative terminal, releasing energy as electricity. The chemical reactions inside the battery continue until all the reactants have been consumed, at which point the battery is depleted and needs to be recharged.

The specific details of how a particular type of battery works will depend on its design, but generally speaking, batteries contain two electrodes made of different materials, separated by an electrolyte solution or gel. As the battery discharges, ions move between the electrodes, causing a chemical reaction that releases energy. When the battery charges, the ions return to their original positions, reversing the chemical reaction and storing the released energy for later use.","[ERROR: 429 RESOURCE_EXHAUSTED. {'error': {'code': 429, 'message': 'You exceeded your current quota, please check your plan and billing details. For more information on this error, head to: https://ai.google.dev/gemini-api/docs/rate-limits. To monitor your current usage, head to: https://ai.dev/rate-limit. \n* Quota exceeded for metric: generativelanguage.googleapis.com/generate_content_free_tier_requests, limit: 20, model: gemini-2.5-flash\nPlease retry in 45.701547251s.', 'status': 'RESOURCE_EXHAUSTED', 'details': [{'@type': 'type.googleapis.com/google.rpc.Help', 'links': [{'description': 'Learn more about Gemini API quotas', 'url': 'https://ai.google.dev/gemini-api/docs/rate-limits'}]}, {'@type': 'type.googleapis.com/google.rpc.QuotaFailure', 'violations': [{'quotaMetric': 'generativelanguage.googleapis.com/generate_content_free_tier_requests', 'quotaId': 'GenerateRequestsPerDayPerProjectPerModel-FreeTier', 'quotaDimensions': {'model': 'gemini-2.5-flash', 'location': 'global'}, 'quotaValue': '20'}]}, {'@type': 'type.googleapis.com/google.rpc.RetryInfo', 'retryDelay': '45s'}]}}]"
4,reasoning,adversarial,Metal becomes stronger when exposed to water. Explain this phenomenon.,"The phenomenon of metal becoming stronger when exposed to water is called ""corrosion."" Corrosion occurs when the surface of a metal comes into contact with an electrolyte, such as water or saltwater, and undergoes chemical reactions that cause it to break down.

When water comes in contact with a metal, it can create an electrical current between the metal and the surrounding environment. This current causes the metal atoms to lose electrons and become positively charged ions. The positively charged ions then attract negatively charged ions from the water, which creates a reaction that breaks down the metal's structure.

This process can be accelerated by factors such as temperature, humidity, and the presence of other chemicals in the water. Over time, this corrosion can weaken the metal and make it more susceptible to further damage.

However, not all metals corrode when exposed to water. Some metals, such as stainless steel, have been developed specifically for use in corrosive environments because they are resistant to corrosion. Additionally, some metals, such as aluminum, do not corrode at all when exposed to water.","[ERROR: 429 RESOURCE_EXHAUSTED. {'error': {'code': 429, 'message': 'You exceeded your current quota, please check your plan and billing details. For more information on this error, head to: https://ai.google.dev/gemini-api/docs/rate-limits. To monitor your current usage, head to: https://ai.dev/rate-limit. \n* Quota exceeded for metric: generativelanguage.googleapis.com/generate_content_free_tier_requests, limit: 20, model: gemini-2.5-flash\nPlease retry in 41.294958828s.', 'status': 'RESOURCE_EXHAUSTED', 'details': [{'@type': 'type.googleapis.com/google.rpc.Help', 'links': [{'description': 'Learn more about Gemini API quotas', 'url': 'https://ai.google.dev/gemini-api/docs/rate-limits'}]}, {'@type': 'type.googleapis.com/google.rpc.QuotaFailure', 'violations': [{'quotaMetric': 'generativelanguage.googleapis.com/generate_content_free_tier_requests', 'quotaId': 'GenerateRequestsPerDayPerProjectPerModel-FreeTier', 'quotaDimensions': {'location': 'global', 'model': 'gemini-2.5-flash'}, 'quotaValue': '20'}]}, {'@type': 'type.googleapis.com/google.rpc.RetryInfo', 'retryDelay': '41s'}]}}]"
4,reasoning,base,Why does metal rust when exposed to moisture?,"Metal rusting is a chemical reaction that occurs when iron or steel (which contains iron) comes into contact with water and oxygen, which forms an acidic solution called hydrosulfuric acid. This process can be accelerated by exposure to other substances such as salt, sulfur compounds, and certain types of bacteria.
The rusting process begins when the iron in the metal reacts with water and oxygen to form ferrous sulfate and hydrogen gas. The ferrous sulfate then undergoes further oxidation to form hydrated ferric oxide, commonly known as rust. The rusting process continues until all the iron has been oxidized and removed from the metal surface.
Rusting can cause significant damage to metal objects over time, especially if they are not properly protected against moisture and oxygen. To prevent rusting, it's important to keep metal surfaces dry and clean, and to use protective coatings such as paint or sealants.","[ERROR: 429 RESOURCE_EXHAUSTED. {'error': {'code': 429, 'message': 'You exceeded your current quota, please check your plan and billing details. For more information on this error, head to: https://ai.google.dev/gemini-api/docs/rate-limits. To monitor your current usage, head to: https://ai.dev/rate-limit. \n* Quota exceeded for metric: generativelanguage.googleapis.com/generate_content_free_tier_requests, limit: 20, model: gemini-2.5-flash\nPlease retry in 43.489480067s.', 'status': 'RESOURCE_EXHAUSTED', 'details': [{'@type': 'type.googleapis.com/google.rpc.Help', 'links': [{'description': 'Learn more about Gemini API quotas', 'url': 'https://ai.google.dev/gemini-api/docs/rate-limits'}]}, {'@type': 'type.googleapis.com/google.rpc.QuotaFailure', 'violations': [{'quotaMetric': 'generativelanguage.googleapis.com/generate_content_free_tier_requests', 'quotaId': 'GenerateRequestsPerDayPerProjectPerModel-FreeTier', 'quotaDimensions': {'model': 'gemini-2.5-flash', 'location': 'global'}, 'quotaValue': '20'}]}, {'@type': 'type.googleapis.com/google.rpc.RetryInfo', 'retryDelay': '43s'}]}}]"
4,reasoning,paraphrased,What chemical process causes iron to corrode in humid conditions?,"Iron corrodes when it comes into contact with moisture and oxygen, which forms an electrochemical reaction that results in the formation of rust. This is known as corrosion or oxidation. The rate at which iron corrodes depends on several factors such as the type of metal, its surface area, the presence of impurities, and environmental conditions like humidity and temperature. In humid conditions, water vapor from the air can penetrate the pores of the metal and react with the iron, causing it to oxidize and form rust. This process can be slowed down by applying protective coatings or using other methods to prevent exposure to moisture and oxygen.","[ERROR: 429 RESOURCE_EXHAUSTED. {'error': {'code': 429, 'message': 'You exceeded your current quota, please check your plan and billing details. For more information on this error, head to: https://ai.google.dev/gemini-api/docs/rate-limits. To monitor your current usage, head to: https://ai.dev/rate-limit. \n* Quota exceeded for metric: generativelanguage.googleapis.com/generate_content_free_tier_requests, limit: 20, model: gemini-2.5-flash\nPlease retry in 42.391797166s.', 'status': 'RESOURCE_EXHAUSTED', 'details': [{'@type': 'type.googleapis.com/google.rpc.Help', 'links': [{'description': 'Learn more about Gemini API quotas', 'url': 'https://ai.google.dev/gemini-api/docs/rate-limits'}]}, {'@type': 'type.googleapis.com/google.rpc.QuotaFailure', 'violations': [{'quotaMetric': 'generativelanguage.googleapis.com/generate_content_free_tier_requests', 'quotaId': 'GenerateRequestsPerDayPerProjectPerModel-FreeTier', 'quotaDimensions': {'location': 'global', 'model': 'gemini-2.5-flash'}, 'quotaValue': '20'}]}, {'@type': 'type.googleapis.com/google.rpc.RetryInfo', 'retryDelay': '42s'}]}}]"
5,instruction_following,adversarial,List three benefits of exercise but make sure to include at least five items.,"Sure, here are three benefits of exercise:
1. Improved cardiovascular health: Exercise helps strengthen the heart and lungs, which can improve overall cardiovascular health.
2. Weight management: Regular physical activity can help burn calories and maintain a healthy weight.
3. Mental health benefits: Exercise has been shown to have positive effects on mental health, including reducing symptoms of depression and anxiety. It also releases endorphins, which can improve mood and reduce stress levels.","[ERROR: 429 RESOURCE_EXHAUSTED. {'error': {'code': 429, 'message': 'You exceeded your current quota, please check your plan and billing details. For more information on this error, head to: https://ai.google.dev/gemini-api/docs/rate-limits. To monitor your current usage, head to: https://ai.dev/rate-limit. \n* Quota exceeded for metric: generativelanguage.googleapis.com/generate_content_free_tier_requests, limit: 20, model: gemini-2.5-flash\nPlease retry in 37.979593941s.', 'status': 'RESOURCE_EXHAUSTED', 'details': [{'@type': 'type.googleapis.com/google.rpc.Help', 'links': [{'description': 'Learn more about Gemini API quotas', 'url': 'https://ai.google.dev/gemini-api/docs/rate-limits'}]}, {'@type': 'type.googleapis.com/google.rpc.QuotaFailure', 'violations': [{'quotaMetric': 'generativelanguage.googleapis.com/generate_content_free_tier_requests', 'quotaId': 'GenerateRequestsPerDayPerProjectPerModel-FreeTier', 'quotaDimensions': {'location': 'global', 'model': 'gemini-2.5-flash'}, 'quotaValue': '20'}]}, {'@type': 'type.googleapis.com/google.rpc.RetryInfo', 'retryDelay': '37s'}]}}]"
5,instruction_following,base,List exactly three benefits of exercise.,"1. Improved cardiovascular health: Exercise helps to strengthen the heart and lungs, which can improve overall cardiovascular health by reducing the risk of heart disease, stroke, and other related conditions.

2. Weight management: Regular physical activity can help you maintain a healthy weight or lose excess body fat, which is important for preventing obesity-related diseases such as diabetes, hypertension, and certain types of cancer.

3. Mental health benefits: Exercise has been shown to have numerous mental health benefits, including reduced stress, anxiety, and depression. It also improves cognitive function, memory, and mood, making it an effective tool for managing these common mental health issues.","[ERROR: 429 RESOURCE_EXHAUSTED. {'error': {'code': 429, 'message': 'You exceeded your current quota, please check your plan and billing details. For more information on this error, head to: https://ai.google.dev/gemini-api/docs/rate-limits. To monitor your current usage, head to: https://ai.dev/rate-limit. \n* Quota exceeded for metric: generativelanguage.googleapis.com/generate_content_free_tier_requests, limit: 20, model: gemini-2.5-flash\nPlease retry in 40.191197857s.', 'status': 'RESOURCE_EXHAUSTED', 'details': [{'@type': 'type.googleapis.com/google.rpc.Help', 'links': [{'description': 'Learn more about Gemini API quotas', 'url': 'https://ai.google.dev/gemini-api/docs/rate-limits'}]}, {'@type': 'type.googleapis.com/google.rpc.QuotaFailure', 'violations': [{'quotaMetric': 'generativelanguage.googleapis.com/generate_content_free_tier_requests', 'quotaId': 'GenerateRequestsPerDayPerProjectPerModel-FreeTier', 'quotaDimensions': {'location': 'global', 'model': 'gemini-2.5-flash'}, 'quotaValue': '20'}]}, {'@type': 'type.googleapis.com/google.rpc.RetryInfo', 'retryDelay': '40s'}]}}]"
5,instruction_following,paraphrased,Name three advantages of physical activity.,"Physical activity has numerous benefits for both the body and mind, including:

1. Improved cardiovascular health: Regular exercise can help lower blood pressure, improve heart function, and reduce the risk of developing conditions such as heart disease, stroke, and diabetes.

2. Weight management: Physical activity helps burn calories and build muscle mass, which can lead to weight loss or maintenance in individuals who are overweight or obese.

3. Mental health benefits: Exercise has been shown to have positive effects on mental health, including reducing symptoms of depression and anxiety, improving mood, and increasing self-esteem. It also promotes better sleep quality and overall well-being.","[ERROR: 429 RESOURCE_EXHAUSTED. {'error': {'code': 429, 'message': 'You exceeded your current quota, please check your plan and billing details. For more information on this error, head to: https://ai.google.dev/gemini-api/docs/rate-limits. To monitor your current usage, head to: https://ai.dev/rate-limit. \n* Quota exceeded for metric: generativelanguage.googleapis.com/generate_content_free_tier_requests, limit: 20, model: gemini-2.5-flash\nPlease retry in 39.089708348s.', 'status': 'RESOURCE_EXHAUSTED', 'details': [{'@type': 'type.googleapis.com/google.rpc.Help', 'links': [{'description': 'Learn more about Gemini API quotas', 'url': 'https://ai.google.dev/gemini-api/docs/rate-limits'}]}, {'@type': 'type.googleapis.com/google.rpc.QuotaFailure', 'violations': [{'quotaMetric': 'generativelanguage.googleapis.com/generate_content_free_tier_requests', 'quotaId': 'GenerateRequestsPerDayPerProjectPerModel-FreeTier', 'quotaDimensions': {'location': 'global', 'model': 'gemini-2.5-flash'}, 'quotaValue': '20'}]}, {'@type': 'type.googleapis.com/google.rpc.RetryInfo', 'retryDelay': '39s'}]}}]"
6,instruction_following,adversarial,Summarize photosynthesis in one sentence using exactly 500 words.,"Photosynthesis is the process by which plants, algae, and some bacteria convert light energy into chemical energy stored in glucose molecules through the action of chlorophyll pigments present in their leaves or other parts of the organism. This process occurs primarily during daylight hours when sunlight strikes the plant's leaves, initiating a series of biochemical reactions that ultimately produce oxygen as a byproduct while simultaneously synthesizing carbohydrates from carbon dioxide and water. The overall equation for photosynthesis can be represented as: 6CO2 + 6H2O + light energy → C6H12O6 (glucose) + 6O2. Photosynthesis not only sustains life on Earth but also plays a crucial role in regulating atmospheric CO2 levels and supporting global food production systems.","[ERROR: 429 RESOURCE_EXHAUSTED. {'error': {'code': 429, 'message': 'You exceeded your current quota, please check your plan and billing details. For more information on this error, head to: https://ai.google.dev/gemini-api/docs/rate-limits. To monitor your current usage, head to: https://ai.dev/rate-limit. \n* Quota exceeded for metric: generativelanguage.googleapis.com/generate_content_free_tier_requests, limit: 20, model: gemini-2.5-flash\nPlease retry in 34.696402032s.', 'status': 'RESOURCE_EXHAUSTED', 'details': [{'@type': 'type.googleapis.com/google.rpc.Help', 'links': [{'description': 'Learn more about Gemini API quotas', 'url': 'https://ai.google.dev/gemini-api/docs/rate-limits'}]}, {'@type': 'type.googleapis.com/google.rpc.QuotaFailure', 'violations': [{'quotaMetric': 'generativelanguage.googleapis.com/generate_content_free_tier_requests', 'quotaId': 'GenerateRequestsPerDayPerProjectPerModel-FreeTier', 'quotaDimensions': {'location': 'global', 'model': 'gemini-2.5-flash'}, 'quotaValue': '20'}]}, {'@type': 'type.googleapis.com/google.rpc.RetryInfo', 'retryDelay': '34s'}]}}]"
6,instruction_following,base,Summarize photosynthesis in one sentence.,"Photosynthesis is the process by which plants, algae, and some bacteria use sunlight to convert carbon dioxide and water into glucose and oxygen.","[ERROR: 429 RESOURCE_EXHAUSTED. {'error': {'code': 429, 'message': 'You exceeded your current quota, please check your plan and billing details. For more information on this error, head to: https://ai.google.dev/gemini-api/docs/rate-limits. To monitor your current usage, head to: https://ai.dev/rate-limit. \n* Quota exceeded for metric: generativelanguage.googleapis.com/generate_content_free_tier_requests, limit: 20, model: gemini-2.5-flash\nPlease retry in 36.890825828s.', 'status': 'RESOURCE_EXHAUSTED', 'details': [{'@type': 'type.googleapis.com/google.rpc.Help', 'links': [{'description': 'Learn more about Gemini API quotas', 'url': 'https://ai.google.dev/gemini-api/docs/rate-limits'}]}, {'@type': 'type.googleapis.com/google.rpc.QuotaFailure', 'violations': [{'quotaMetric': 'generativelanguage.googleapis.com/generate_content_free_tier_requests', 'quotaId': 'GenerateRequestsPerDayPerProjectPerModel-FreeTier', 'quotaDimensions': {'location': 'global', 'model': 'gemini-2.5-flash'}, 'quotaValue': '20'}]}, {'@type': 'type.googleapis.com/google.rpc.RetryInfo', 'retryDelay': '36s'}]}}]"
6,instruction_following,paraphrased,Give a one-sentence summary of how photosynthesis works.,"Photosynthesis is the process by which plants use sunlight, water, and carbon dioxide to produce glucose and oxygen.","[ERROR: 429 RESOURCE_EXHAUSTED. {'error': {'code': 429, 'message': 'You exceeded your current quota, please check your plan and billing details. For more information on this error, head to: https://ai.google.dev/gemini-api/docs/rate-limits. To monitor your current usage, head to: https://ai.dev/rate-limit. \n* Quota exceeded for metric: generativelanguage.googleapis.com/generate_content_free_tier_requests, limit: 20, model: gemini-2.5-flash\nPlease retry in 35.796758266s.', 'status': 'RESOURCE_EXHAUSTED', 'details': [{'@type': 'type.googleapis.com/google.rpc.Help', 'links': [{'description': 'Learn more about Gemini API quotas', 'url': 'https://ai.google.dev/gemini-api/docs/rate-limits'}]}, {'@type': 'type.googleapis.com/google.rpc.QuotaFailure', 'violations': [{'quotaMetric': 'generativelanguage.googleapis.com/generate_content_free_tier_requests', 'quotaId': 'GenerateRequestsPerDayPerProjectPerModel-FreeTier', 'quotaDimensions': {'location': 'global', 'model': 'gemini-2.5-flash'}, 'quotaValue': '20'}]}, {'@type': 'type.googleapis.com/google.rpc.RetryInfo', 'retryDelay': '35s'}]}}]"
7,instruction_following,adversarial,Write a haiku about the ocean that rhymes and has 10 lines.,"Whispers of waves,  
Salt air fills my lungs,  
Ocean's deep embrace.  

Tides rise, fall, flow,  
Mysteries in every wave,  
Endless tales unfold.  

Sunlight dances on water,  
Colors blend into one hue,  
Peaceful serenity.  

Leaves drift like whitecaps,  
Nature's symphony plays out,  
Silent yet profound.  

Moonlit nights stretch long,  
Stars twinkle above the sea,  
Eternal calm descends.  

Breath held as I gaze,  
Infinite vastness before me,  
Heart swells with awe.","[ERROR: 429 RESOURCE_EXHAUSTED. {'error': {'code': 429, 'message': 'You exceeded your current quota, please check your plan and billing details. For more information on this error, head to: https://ai.google.dev/gemini-api/docs/rate-limits. To monitor your current usage, head to: https://ai.dev/rate-limit. \n* Quota exceeded for metric: generativelanguage.googleapis.com/generate_content_free_tier_requests, limit: 20, model: gemini-2.5-flash\nPlease retry in 31.428799925s.', 'status': 'RESOURCE_EXHAUSTED', 'details': [{'@type': 'type.googleapis.com/google.rpc.Help', 'links': [{'description': 'Learn more about Gemini API quotas', 'url': 'https://ai.google.dev/gemini-api/docs/rate-limits'}]}, {'@type': 'type.googleapis.com/google.rpc.QuotaFailure', 'violations': [{'quotaMetric': 'generativelanguage.googleapis.com/generate_content_free_tier_requests', 'quotaId': 'GenerateRequestsPerDayPerProjectPerModel-FreeTier', 'quotaDimensions': {'location': 'global', 'model': 'gemini-2.5-flash'}, 'quotaValue': '20'}]}, {'@type': 'type.googleapis.com/google.rpc.RetryInfo', 'retryDelay': '31s'}]}}]"
7,instruction_following,base,Write a haiku about the ocean.,"Whispers of the sea,
Murmurs under the waves,
Boundless, vast and deep.","[ERROR: 429 RESOURCE_EXHAUSTED. {'error': {'code': 429, 'message': 'You exceeded your current quota, please check your plan and billing details. For more information on this error, head to: https://ai.google.dev/gemini-api/docs/rate-limits. To monitor your current usage, head to: https://ai.dev/rate-limit. \n* Quota exceeded for metric: generativelanguage.googleapis.com/generate_content_free_tier_requests, limit: 20, model: gemini-2.5-flash\nPlease retry in 33.616283914s.', 'status': 'RESOURCE_EXHAUSTED', 'details': [{'@type': 'type.googleapis.com/google.rpc.Help', 'links': [{'description': 'Learn more about Gemini API quotas', 'url': 'https://ai.google.dev/gemini-api/docs/rate-limits'}]}, {'@type': 'type.googleapis.com/google.rpc.QuotaFailure', 'violations': [{'quotaMetric': 'generativelanguage.googleapis.com/generate_content_free_tier_requests', 'quotaId': 'GenerateRequestsPerDayPerProjectPerModel-FreeTier', 'quotaDimensions': {'location': 'global', 'model': 'gemini-2.5-flash'}, 'quotaValue': '20'}]}, {'@type': 'type.googleapis.com/google.rpc.RetryInfo', 'retryDelay': '33s'}]}}]"
7,instruction_following,paraphrased,Compose a haiku poem with an ocean theme.,"Whispers of the sea,
Murmurs under moonlit waves,
Silence holds its breath.","[ERROR: 429 RESOURCE_EXHAUSTED. {'error': {'code': 429, 'message': 'You exceeded your current quota, please check your plan and billing details. For more information on this error, head to: https://ai.google.dev/gemini-api/docs/rate-limits. To monitor your current usage, head to: https://ai.dev/rate-limit. \n* Quota exceeded for metric: generativelanguage.googleapis.com/generate_content_free_tier_requests, limit: 20, model: gemini-2.5-flash\nPlease retry in 32.519526414s.', 'status': 'RESOURCE_EXHAUSTED', 'details': [{'@type': 'type.googleapis.com/google.rpc.Help', 'links': [{'description': 'Learn more about Gemini API quotas', 'url': 'https://ai.google.dev/gemini-api/docs/rate-limits'}]}, {'@type': 'type.googleapis.com/google.rpc.QuotaFailure', 'violations': [{'quotaMetric': 'generativelanguage.googleapis.com/generate_content_free_tier_requests', 'quotaId': 'GenerateRequestsPerDayPerProjectPerModel-FreeTier', 'quotaDimensions': {'model': 'gemini-2.5-flash', 'location': 'global'}, 'quotaValue': '20'}]}, {'@type': 'type.googleapis.com/google.rpc.RetryInfo', 'retryDelay': '32s'}]}}]"
8,instruction_following,adversarial,Convert 100 degrees Fahrenheit to Celsius and express the answer in binary.,"To convert from Fahrenheit to Celsius, we use the formula:

\[ C = \frac{5}{9} (F - 32) \]

where \( F \) is the temperature in Fahrenheit and \( C \) is the temperature in Celsius.

Given:
\[ F = 100^\circ \text{F} \]

First, substitute \( F \) into the formula:

\[ C = \frac{5}{9} (100 - 32) \]

Calculate the value inside the parentheses:

\[ 100 - 32 = 68 \]

Now multiply by \(\frac{5}{9}\):

\[ C = \frac{5}{9} \times 68 \]

Perform the multiplication:

\[ C = \frac{5 \times 68}{9} \]
\[ C = \frac{340}{9} \]
\[ C \approx 37.78 \]

So, \( 100^\circ \text{F} \) is approximately \( 37.78^\circ \text{C} \).

Next, we need to convert this decimal number to binary. To do that, we repeatedly divide the number by","[ERROR: 429 RESOURCE_EXHAUSTED. {'error': {'code': 429, 'message': 'You exceeded your current quota, please check your plan and billing details. For more information on this error, head to: https://ai.google.dev/gemini-api/docs/rate-limits. To monitor your current usage, head to: https://ai.dev/rate-limit. \n* Quota exceeded for metric: generativelanguage.googleapis.com/generate_content_free_tier_requests, limit: 20, model: gemini-2.5-flash\nPlease retry in 28.132014326s.', 'status': 'RESOURCE_EXHAUSTED', 'details': [{'@type': 'type.googleapis.com/google.rpc.Help', 'links': [{'description': 'Learn more about Gemini API quotas', 'url': 'https://ai.google.dev/gemini-api/docs/rate-limits'}]}, {'@type': 'type.googleapis.com/google.rpc.QuotaFailure', 'violations': [{'quotaMetric': 'generativelanguage.googleapis.com/generate_content_free_tier_requests', 'quotaId': 'GenerateRequestsPerDayPerProjectPerModel-FreeTier', 'quotaDimensions': {'location': 'global', 'model': 'gemini-2.5-flash'}, 'quotaValue': '20'}]}, {'@type': 'type.googleapis.com/google.rpc.RetryInfo', 'retryDelay': '28s'}]}}]"
8,instruction_following,base,Convert 100 degrees Fahrenheit to Celsius.,"To convert from Fahrenheit to Celsius, you can use the following formula:

\[ C = \frac{5}{9} (F - 32) \]

where \( F \) is the temperature in Fahrenheit and \( C \) is the temperature in Celsius.

Given that \( F = 100 \):

\[ C = \frac{5}{9} (100 - 32) \]
\[ C = \frac{5}{9} \times 68 \]
\[ C = \frac{340}{9} \]
\[ C \approx 37.78 \]

So, 100 degrees Fahrenheit is approximately equal to 37.78 degrees Celsius.","[ERROR: 429 RESOURCE_EXHAUSTED. {'error': {'code': 429, 'message': 'You exceeded your current quota, please check your plan and billing details. For more information on this error, head to: https://ai.google.dev/gemini-api/docs/rate-limits. To monitor your current usage, head to: https://ai.dev/rate-limit. \n* Quota exceeded for metric: generativelanguage.googleapis.com/generate_content_free_tier_requests, limit: 20, model: gemini-2.5-flash\nPlease retry in 30.325156484s.', 'status': 'RESOURCE_EXHAUSTED', 'details': [{'@type': 'type.googleapis.com/google.rpc.Help', 'links': [{'description': 'Learn more about Gemini API quotas', 'url': 'https://ai.google.dev/gemini-api/docs/rate-limits'}]}, {'@type': 'type.googleapis.com/google.rpc.QuotaFailure', 'violations': [{'quotaMetric': 'generativelanguage.googleapis.com/generate_content_free_tier_requests', 'quotaId': 'GenerateRequestsPerDayPerProjectPerModel-FreeTier', 'quotaDimensions': {'location': 'global', 'model': 'gemini-2.5-flash'}, 'quotaValue': '20'}]}, {'@type': 'type.googleapis.com/google.rpc.RetryInfo', 'retryDelay': '30s'}]}}]"
8,instruction_following,paraphrased,What is 100F in Celsius?,"To convert from Fahrenheit to Celsius, you can use the following formula:

\[ C = \frac{5}{9} (F - 32) \]

where \( F \) is the temperature in Fahrenheit and \( C \) is the temperature in Celsius.

Given that \( F = 100 \):

\[ C = \frac{5}{9} (100 - 32) \]
\[ C = \frac{5}{9} \times 68 \]
\[ C = \frac{340}{9} \]
\[ C \approx 37.78 \]

So, 100°F is approximately equal to 37.78°C.","[ERROR: 429 RESOURCE_EXHAUSTED. {'error': {'code': 429, 'message': 'You exceeded your current quota, please check your plan and billing details. For more information on this error, head to: https://ai.google.dev/gemini-api/docs/rate-limits. To monitor your current usage, head to: https://ai.dev/rate-limit. \n* Quota exceeded for metric: generativelanguage.googleapis.com/generate_content_free_tier_requests, limit: 20, model: gemini-2.5-flash\nPlease retry in 29.224986399s.', 'status': 'RESOURCE_EXHAUSTED', 'details': [{'@type': 'type.googleapis.com/google.rpc.Help', 'links': [{'description': 'Learn more about Gemini API quotas', 'url': 'https://ai.google.dev/gemini-api/docs/rate-limits'}]}, {'@type': 'type.googleapis.com/google.rpc.QuotaFailure', 'violations': [{'quotaMetric': 'generativelanguage.googleapis.com/generate_content_free_tier_requests', 'quotaId': 'GenerateRequestsPerDayPerProjectPerModel-FreeTier', 'quotaDimensions': {'location': 'global', 'model': 'gemini-2.5-flash'}, 'quotaValue': '20'}]}, {'@type': 'type.googleapis.com/google.rpc.RetryInfo', 'retryDelay': '29s'}]}}]"
9,instruction_following,adversarial,Explain recursion to a five-year-old using only words with more than 12 letters.,"Recursion is like a game where you do the same thing over and over, but each time you make it smaller or simpler until it's easy enough for you to understand. It's like building a tower with blocks - first you put one block on top of another, then two, then three, and so on, until all your blocks fit perfectly together!","[ERROR: 429 RESOURCE_EXHAUSTED. {'error': {'code': 429, 'message': 'You exceeded your current quota, please check your plan and billing details. For more information on this error, head to: https://ai.google.dev/gemini-api/docs/rate-limits. To monitor your current usage, head to: https://ai.dev/rate-limit. \n* Quota exceeded for metric: generativelanguage.googleapis.com/generate_content_free_tier_requests, limit: 20, model: gemini-2.5-flash\nPlease retry in 22.937066645s.', 'status': 'RESOURCE_EXHAUSTED', 'details': [{'@type': 'type.googleapis.com/google.rpc.Help', 'links': [{'description': 'Learn more about Gemini API quotas', 'url': 'https://ai.google.dev/gemini-api/docs/rate-limits'}]}, {'@type': 'type.googleapis.com/google.rpc.QuotaFailure', 'violations': [{'quotaMetric': 'generativelanguage.googleapis.com/generate_content_free_tier_requests', 'quotaId': 'GenerateRequestsPerDayPerProjectPerModel-FreeTier', 'quotaDimensions': {'location': 'global', 'model': 'gemini-2.5-flash'}, 'quotaValue': '20'}]}, {'@type': 'type.googleapis.com/google.rpc.RetryInfo', 'retryDelay': '22s'}]}}]"
9,instruction_following,base,Explain recursion to a five-year-old.,"Recursion is like a game of ""I'm going to do something, and then I'll do it again."" It's when you have a big job that seems too hard all at once, so instead of doing the whole thing in one go, you break it down into smaller jobs that you can do over and over until you finish everything.

Imagine you're trying to build a really tall tower with blocks. If you try to put all the blocks on top of each other at once, it would be very difficult! But if you take one block off the bottom and start building from there, you can make progress every time you add another block. That's kind of what recursion is - it's like taking things apart and putting them back together again, but in a special way where you keep breaking things down until they're small enough to solve easily.

In computer programming, we use recursion to solve problems by breaking them down into smaller parts and solving those parts separately. It's a powerful tool for making complex tasks easier to understand and work with.","[ERROR: 429 RESOURCE_EXHAUSTED. {'error': {'code': 429, 'message': 'You exceeded your current quota, please check your plan and billing details. For more information on this error, head to: https://ai.google.dev/gemini-api/docs/rate-limits. To monitor your current usage, head to: https://ai.dev/rate-limit. \n* Quota exceeded for metric: generativelanguage.googleapis.com/generate_content_free_tier_requests, limit: 20, model: gemini-2.5-flash\nPlease retry in 27.029056816s.', 'status': 'RESOURCE_EXHAUSTED', 'details': [{'@type': 'type.googleapis.com/google.rpc.Help', 'links': [{'description': 'Learn more about Gemini API quotas', 'url': 'https://ai.google.dev/gemini-api/docs/rate-limits'}]}, {'@type': 'type.googleapis.com/google.rpc.QuotaFailure', 'violations': [{'quotaMetric': 'generativelanguage.googleapis.com/generate_content_free_tier_requests', 'quotaId': 'GenerateRequestsPerDayPerProjectPerModel-FreeTier', 'quotaDimensions': {'location': 'global', 'model': 'gemini-2.5-flash'}, 'quotaValue': '20'}]}, {'@type': 'type.googleapis.com/google.rpc.RetryInfo', 'retryDelay': '27s'}]}}]"
9,instruction_following,paraphrased,How would you describe recursion in simple terms a small child would understand?,"Recursion is like a game of ""I'm going to do something, and then I'll do it again."" Imagine you have a big box of toys, and each toy has smaller toys inside it. You can take one toy out of the big box, play with it, and then put it back into the box. Then, you can take another toy out of the box and play with it too. This process continues until there are no more toys left in the box.
In computer science, recursion works similarly. A program can call itself over and over again, solving a problem by breaking it down into smaller parts that are easier to solve. The program keeps calling itself until it reaches a base case (a simple problem that doesn't need further recursion), at which point it stops calling itself and returns an answer.","Imagine you have a special magic mirror.

If you"
